LineName,Position,RefBase,ObservedBase
D1_M21_1,8273,C,T
C1_W25_1,53030,T,A
C2_P11_2,160201,G,A
C2_P17_2,173337,T,G
D2_J1_2,178619,G,A
C1_W10_1,185818,C,A
C2_P5_2,193582,T,C
D1_M16_1,195935,A,G
C2_P20_2,219723,G,A
D1_M24_1,284691,G,T
D1_M12_1,310927,G,A
C2_P7_2,316414,C,G
C1_W20_1,316425,A,G
C1_W9_1,366070,T,C
C1_W20_1,391778,C,G
D2_J25_2,391778,C,G
D1_M19_1,402055,C,G
D2_J13_2,444276,C,A
D2_J12_2,444276,C,A
C2_P8_2,457041,A,C
C2_P25_2,479708,G,A
D1_M18_1,492998,G,A
D2_J9_2,515445,A,C
D1_M12_1,518646,G,A
C1_W20_1,567965,C,G
C1_W7_1,567965,C,G
D2_J4_2,574336,T,G
D2_J4_2,574337,T,G
D2_J7_2,591591,G,C
D2_J14_2,601068,G,C
D2_J9_2,601068,G,C
C2_P17_2,631656,G,A
C2_P15_2,699898,C,T
C1_W23_1,734081,T,G
D2_J21_2,761600,C,A
D2_J22_2,778008,C,T
C2_P5_2,779560,A,C
D2_J21_2,810623,T,G
C2_P1_2,837812,C,A
C2_P2_2,837812,C,A
C2_P22_2,854661,A,C
C2_P12_2,858677,A,G
D2_J9_2,859464,G,A
D2_J8_2,861532,C,G
C2_P13_2,880750,T,C
C1_W2_1,889748,G,C
C2_P4_2,892448,A,G
D1_M13_1,907761,G,A
C1_W25_1,918791,G,A
C2_P24_2,956867,T,C
D1_M21_1,970331,A,C
C2_P25_2,1039489,T,A
C1_W17_1,1039516,C,T
D2_J23_2,1044311,T,C
D2_J11_2,1083762,C,T
C2_P15_2,1094314,C,G
C2_P7_2,1094314,C,G
D1_M1_1,1104335,T,C
C2_P1_2,1170849,T,G
C2_P2_2,1170849,T,G
C2_P24_2,1174394,T,G
D2_J13_2,1207789,C,G
D1_M14_1,1207789,C,G
D1_M22_1,1207789,C,G
D1_M20_1,1216462,G,T
C2_P5_2,1297614,A,T
C2_P24_2,1308143,C,G
D1_M21_1,1308143,C,G
C2_P5_2,1330317,C,T
D1_M20_1,1375505,C,T
D2_J20_2,1421745,C,G
D2_J18_2,1421745,C,G
D2_J18_2,1424840,T,A
D2_J8_2,1436134,C,T
C2_P10_2,1445134,T,C
C1_W24_1,1443709,C,T
C2_P17_2,1450760,T,A
D1_M15_1,1588536,A,C
D2_J13_2,1607565,G,C
D2_J12_2,1607565,G,C
D2_J5_2,1617871,G,A
D1_M13_1,1626374,A,C
C2_P4_2,1639536,G,A
D2_J3_2,1655404,T,G
D1_M22_1,1679131,C,T
C1_W17_1,1686013,C,G
C1_W9_1,1705371,C,T
D2_J19_2,1751620,G,T
D2_J2_2,1836161,C,T
D1_M13_1,1911922,C,T
C2_P17_2,1921828,T,G
C2_P18_2,1969982,G,A
D1_M16_1,1990280,G,A
C1_W18_1,1998940,G,C
D1_M17_1,2038504,T,C
D2_J14_2,2085360,G,T
D2_J14_2,2086291,C,T
C1_W22_1,2110577,T,C
C1_W11_1,2172119,C,T
C1_W13_1,2184043,G,A
D1_M1_1,2202712,G,A
D2_J2_2,2210688,A,G
C1_W21_1,2230853,C,T
D1_M19_1,2272962,G,A
C2_P23_2,2357772,T,G
D2_J20_2,2358532,C,T
D2_J18_2,2358532,C,T
C1_W11_1,2406504,G,A
C2_P7_2,2412943,G,A
C2_P17_2,2481224,G,C
C1_W16_1,2485034,T,A
C1_W16_1,2485037,C,G
C1_W16_1,2485039,C,T
C1_W16_1,2485040,T,A
C1_W18_1,2528907,G,A
C2_P3_2,2548951,G,A
C2_P20_2,2617297,T,C
C2_P21_2,2633552,A,G
C1_W13_1,2705757,T,A
C2_P16_2,2739223,C,T
C2_P10_2,2745275,C,G
C2_P20_2,2780130,A,G
C2_P22_2,2783704,T,C
C2_P18_2,2793908,C,A
C2_P24_2,2792927,G,A
D1_M19_1,2838283,C,T
C2_P14_2,2865671,G,A
C2_P21_2,2869193,G,A
D2_J5_2,2941369,A,C
C2_P15_2,2941694,G,C
D2_J21_2,2941694,G,C
C2_P13_2,2983376,C,T
D2_J11_2,2987068,T,C
D2_J23_2,3032061,G,A
C2_P12_2,3053957,T,C
C2_P11_2,3053957,T,C
C1_W19_1,3062064,C,A
C2_P13_2,3093626,A,G
C1_W9_1,3166473,A,T
C2_P8_2,3240755,T,C
C1_W17_1,3265918,T,G
C1_W25_1,3265918,T,G
D2_J8_2,3284898,C,G
C2_P25_2,3316692,A,C
C2_P15_2,3355755,G,T
C1_W1_1,3402640,C,T
C1_W17_1,3455291,G,A
C2_P13_2,3478337,T,C
D2_J8_2,3503077,G,A
C2_P11_2,3556532,G,T
C1_W20_1,3574291,T,G
C2_P7_2,3619443,A,C
C1_W20_1,3619443,A,C
D2_J21_2,3619443,A,C
C1_W20_1,3623575,T,C
D1_M15_1,3678891,C,T
D2_J7_2,3713526,A,C
C2_P23_2,3744928,T,C
C2_P15_2,3783915,A,G
C2_P9_2,3804806,A,T
C2_P23_2,3817271,A,C
C1_W9_1,3821568,T,A
C1_W22_1,3837035,T,C
C1_W14_1,3878451,A,G
C1_W1_1,3930826,G,T
C1_W15_1,4024153,C,A
C2_P1_2,4129168,T,C
C2_P2_2,4129168,T,C
C2_P16_2,4195294,A,G
D1_M21_1,4259635,G,A
D2_J22_2,4282390,T,C
C2_P16_2,4294503,T,A
D1_M16_1,4298796,G,A
C2_P16_2,4300779,C,T
D1_M19_1,4300730,G,A
C1_W25_1,4310505,C,T
C2_P21_2,4336122,G,C
C2_P15_2,4336122,G,C
D2_J21_2,4336122,G,C
C1_W8_1,4350054,G,T
C1_W7_1,4350054,G,T
C2_P21_2,4359797,C,T
C2_P25_2,4431204,G,A
C2_P17_2,4454449,T,C
C1_W4_1,4464369,G,A
D2_J6_2,4468871,T,G
D1_M13_1,4473548,T,G
C2_P23_2,4536644,A,C
C1_W15_1,4542175,G,C
C1_W22_1,4542175,G,C
D2_J14_2,4612471,C,T
D1_A9_1,61633,C,G
D2_D3_2,104208,T,A
D1_A1_1,159510,G,A
C1_N22_1,163535,C,T
C2_I21_2,169331,C,G
C2_I21_2,169333,T,A
C1_N6_1,169331,C,G
C1_N6_1,169333,T,A
C1_N6_1,174791,G,A
D2_D3_2,193553,C,T
C2_I16_2,196755,C,A
C1_N16_1,207577,T,A
C1_N2_1,235758,T,C
D2_D21_2,243261,G,A
D2_D3_2,285837,G,A
C1_N7_1,298280,G,A
C2_I15_2,303567,G,T
D2_D10_2,303597,A,G
D2_D10_2,303598,A,T
D2_D6_2,316414,C,G
C2_I25_2,324249,T,C
C2_I4_2,339829,C,G
C2_I8_2,352042,C,T
C2_I15_2,367818,C,G
C2_I2_2,369755,C,A
C1_N9_1,368816,C,T
C2_I5_2,495665,A,T
C2_I16_2,509473,C,A
D2_D17_2,567965,C,G
C2_I22_2,573008,G,T
C2_I7_2,594942,G,T
D1_A25_1,601068,G,C
C1_N18_1,636528,A,C
C2_I3_2,660055,C,T
C2_I24_2,682383,C,T
C2_I16_2,705741,G,C
C1_N7_1,782529,C,T
C2_I15_2,802907,T,A
C1_N6_1,808982,C,T
C2_I20_2,819594,C,T
C1_N12_1,879370,C,T
C2_I20_2,882497,C,G
C2_I18_2,892448,A,G
C1_N3_1,892445,C,G
D2_D7_2,892445,C,A
C2_I4_2,923557,C,T
D2_D15_2,971250,G,C
C2_I6_2,1069672,G,T
C2_I9_2,1084578,T,G
D2_D8_2,1094314,C,G
D2_D6_2,1094314,C,G
D1_A25_1,1094303,A,G
D1_A25_1,1094314,C,G
C2_I7_2,1145553,G,A
C2_I5_2,1216592,A,G
C2_I1_2,1288041,C,T
D1_A15_1,1296537,G,T
C2_I1_2,1349704,T,A
D1_A1_1,1368231,G,T
C1_N18_1,1396932,G,A
C2_I14_2,1402985,C,G
C2_I13_2,1402985,C,G
C2_I25_2,1411925,A,T
C2_I25_2,1411926,C,G
C2_I25_2,1411933,C,G
C2_I14_2,1458096,G,C
C2_I13_2,1458096,G,C
C1_N2_1,1477297,A,C
D1_A15_1,1479305,G,T
C1_N11_1,1504301,G,A
D2_D21_2,1509404,G,A
D2_D5_2,1524721,T,A
C2_I21_2,1579965,T,G
D1_A9_1,1602135,G,C
D1_A22_1,1614205,G,A
D2_D10_2,1617532,A,C
C2_I4_2,1694137,G,C
D1_A8_1,1725718,C,T
C2_I18_2,1777048,G,A
C1_N9_1,1779656,C,T
D1_A20_1,1784454,G,A
C1_N19_1,1793254,C,T
D1_A9_1,1811397,T,A
C2_I2_2,1883204,T,A
D1_A15_1,1921644,T,G
D2_D22_2,1946503,C,T
C1_N11_1,1962321,A,T
C2_I22_2,1963316,C,A
D1_A7_1,1968570,C,A
C1_N8_1,1983244,T,A
D2_D8_2,2001474,C,T
D2_D18_2,2049963,G,T
C2_I2_2,2060616,C,T
D2_D18_2,2062895,A,G
D2_D24_2,2066707,A,G
C2_I3_2,2113901,C,T
D2_D3_2,2156533,A,G
D1_A19_1,2159993,C,T
D2_D6_2,2171359,C,G
D2_D18_2,2171359,C,G
C1_N22_1,2175292,A,T
C2_I11_2,2191199,G,T
D2_D3_2,2191222,G,T
C2_I11_2,2205791,T,C
C2_I3_2,2224272,A,T
C2_I14_2,2243087,G,A
C2_I13_2,2243087,G,A
C2_I24_2,2310110,C,T
D2_D17_2,2318008,T,A
C1_N3_1,2322814,C,T
D2_D24_2,2363391,C,T
D2_D16_2,2367963,T,G
D2_D17_2,2371719,G,C
C2_I19_2,2387197,C,T
D2_D3_2,2463433,A,T
D2_D19_2,2469710,G,A
C2_I15_2,2475156,T,A
C2_I22_2,2550414,T,G
D2_D8_2,2564929,C,A
C2_I8_2,2572918,G,A
D2_D3_2,2662640,C,T
C2_I8_2,2790515,A,G
D2_D8_2,2812763,C,T
C2_I24_2,2833602,G,T
D2_D1_2,2880258,C,T
D2_D3_2,2949879,G,T
D1_A17_1,2952533,A,C
D1_A17_1,2955581,C,T
C2_I15_2,2958743,C,T
D1_A18_1,3002901,G,A
D2_D3_2,3032194,G,A
C2_I5_2,3086797,T,C
C2_I15_2,3201741,G,A
D2_D1_2,3206722,T,G
D2_D17_2,3231881,G,A
D2_D25_2,3298662,C,A
D2_D25_2,3304054,C,A
D1_A15_1,3304970,A,G
D1_A12_1,3321140,T,A
C2_I7_2,3414209,G,C
D1_A1_1,3461297,A,C
D2_D3_2,3473612,T,G
D2_D6_2,3522041,G,C
D2_D18_2,3522041,G,C
D1_A12_1,3546808,A,G
C1_N6_1,3570167,T,C
C1_N11_1,3595032,C,T
C2_I4_2,3622422,C,G
D1_A25_1,3646346,T,G
C1_N13_1,3670634,C,A
D2_D3_2,3682548,T,G
C2_I23_2,3731440,C,T
C2_I2_2,3735108,G,A
C2_I19_2,3760626,G,A
D2_D2_2,3761707,T,G
C2_I8_2,3762434,A,C
D2_D17_2,3765290,A,G
D1_A25_1,3762434,A,C
D2_D5_2,3781433,G,A
D1_A11_1,3790602,C,A
C2_I18_2,3798073,T,C
D2_D3_2,3798322,T,C
D2_D7_2,3926090,G,T
C1_N21_1,3933936,C,G
C2_I16_2,3967649,T,C
D2_D6_2,3992358,T,C
C1_N2_1,4017056,A,T
C1_N18_1,4030582,G,T
C2_I7_2,4071443,A,G
D1_A10_1,4082697,T,C
C2_I16_2,4083623,T,G
C1_N21_1,4137423,A,G
C2_I7_2,4153806,C,A
C2_I16_2,4164859,T,C
C2_I16_2,4191294,G,C
D1_A3_1,4316257,G,A
D1_A14_1,4319237,C,T
C1_N11_1,4321160,G,C
D1_A18_1,4371848,C,A
C1_N2_1,4395498,C,G
C2_I9_2,4444010,C,A
C2_I4_2,4475756,C,T
D2_D3_2,4483685,T,C
C1_N12_1,4507837,C,G
D2_D7_2,4513854,A,G
D1_A19_1,4517665,A,G
C2_I1_2,4542175,G,C
C2_I9_2,4542175,G,C
C1_N21_1,4542175,G,C
D2_D21_2,4578150,C,A
C1_N2_1,4620279,G,T
D2_V7_2,31799,T,G
C1_P25_1,56740,G,A
D2_V23_2,56790,T,C
C2_R10_2,93164,A,T
C1_P2_1,103237,T,G
D1_?10_1,132644,C,T
D2_V21_2,221500,C,T
D2_V2_2,232167,T,A
C2_R6_2,282683,A,G
D2_V23_2,282729,C,T
D1_?9_1,291275,T,C
C1_P18_1,294522,A,G
C1_P17_1,295090,C,A
D1_?11_1,316414,C,G
D2_V13_2,316414,C,G
C2_R7_2,346053,T,C
C2_R10_2,368413,A,G
D1_?9_1,391778,C,G
D1_?18_1,391778,C,G
D2_V4_2,395723,G,A
D1_?19_1,398178,T,A
D2_V17_2,412443,T,G
D1_?14_1,495478,T,A
D1_?7_1,553595,G,A
D1_?1_1,567965,C,G
D2_V9_2,574104,C,A
D1_?16_1,595930,A,G
C2_R20_2,601068,G,C
D2_V20_2,601068,G,C
D2_V21_2,601068,G,C
D2_V25_2,698621,G,A
C1_P22_1,725808,G,C
C1_P24_1,731658,G,T
C1_P12_1,788950,A,C
C2_R11_2,798809,C,G
D2_V14_2,824002,G,A
C2_R2_2,857316,T,C
C2_R18_2,858677,A,G
D1_?24_1,887014,G,A
C2_R16_2,892448,A,G
C2_R10_2,892448,A,G
C2_R14_2,892445,C,A
D2_V2_2,892445,C,A
C1_P25_1,895982,T,A
C2_R21_2,952939,G,A
D1_?2_1,959096,C,T
C2_R6_2,974421,G,C
D2_V14_2,1040778,C,A
C1_P14_1,1048404,G,A
D2_V12_2,1077502,T,G
D2_V24_2,1079881,C,T
C2_R23_2,1084578,T,G
C2_R25_2,1084578,T,G
C2_R22_2,1094314,C,G
D1_?10_1,1094314,C,G
D1_?9_1,1094314,C,G
D1_?15_1,1112250,T,G
C1_P6_1,1115133,C,G
D2_V15_2,1117847,T,A
D2_V5_2,1130404,A,C
C1_P4_1,1174539,G,A
C1_P17_1,1192472,G,T
D1_?13_1,1196220,C,T
D1_?13_1,1196232,C,T
D1_?13_1,1196245,T,C
D1_?13_1,1196247,A,G
D1_?13_1,1196277,C,T
D1_?13_1,1196280,G,C
D2_V3_2,1199431,A,G
D2_V1_2,1215361,A,C
D1_?13_1,1308143,C,G
D1_?8_1,1308143,C,G
D2_V21_2,1308143,C,G
C1_P14_1,1387420,G,C
D2_V18_2,1396953,T,G
C2_R2_2,1417706,A,C
D2_V11_2,1537510,C,T
D2_V10_2,1537510,C,T
C1_P17_1,1545808,T,G
C1_P22_1,1636982,C,T
C1_P10_1,1677115,G,T
D2_V4_2,1721846,G,A
D1_?24_1,1763431,C,T
D1_?1_1,1765701,T,C
C2_R3_2,1769191,T,G
C2_R8_2,1776872,A,G
C2_R11_2,1811157,T,A
C2_R6_2,1814828,A,C
D2_V3_2,1840461,A,C
C1_P13_1,1855533,A,T
C1_P18_1,1865245,T,A
C2_R23_2,1906528,C,T
C1_P10_1,2051822,C,T
D1_?14_1,2112769,A,G
C1_P15_1,2152874,G,A
C1_P18_1,2171359,C,G
D1_?1_1,2171359,C,G
C1_P22_1,2189108,T,A
D2_V5_2,2189155,T,G
C1_P21_1,2201344,T,G
C1_P13_1,2220307,T,A
C1_P5_1,2225259,C,A
D2_V25_2,2312141,T,G
D2_V22_2,2312141,T,G
C1_P14_1,2356534,C,A
D2_V6_2,2388043,T,A
D2_V16_2,2390785,T,G
D2_V6_2,2406487,T,C
D2_V2_2,2408413,G,A
C1_P15_1,2416866,C,G
C1_P23_1,2450524,A,T
C2_R10_2,2455530,A,C
C2_R23_2,2470238,T,C
D2_V23_2,2501551,C,T
D1_?2_1,2504462,T,G
D2_V1_2,2505755,C,T
D1_?11_1,2591490,T,G
D2_V17_2,2611053,T,G
C2_R8_2,2648379,C,A
D2_V16_2,2660196,G,A
C1_P11_1,2673512,T,C
C1_P11_1,2719562,T,C
D1_?23_1,2747262,A,C
C2_R4_2,2759621,A,G
D2_V23_2,2780764,C,T
D2_V15_2,2780764,C,T
C1_P13_1,2835621,C,T
D1_?21_1,2862047,G,A
C2_R12_2,2862894,G,T
C2_R11_2,2862894,G,T
C1_P19_1,2867480,T,A
D1_?4_1,2880019,C,T
C1_P25_1,2884113,T,C
C2_R10_2,2900668,C,T
C1_P8_1,2913965,G,A
C2_R12_2,2935218,G,A
C2_R13_2,2935218,G,A
D2_V2_2,2935309,G,T
C2_R13_2,2941694,G,C
C1_P17_1,2972456,A,C
D2_V4_2,2971770,C,T
C1_P16_1,2986196,C,A
C1_P16_1,3136093,C,G
D1_?9_1,3183172,T,G
C1_P3_1,3230140,C,T
C1_P12_1,3320137,C,T
D1_?23_1,3333059,C,T
C2_R1_2,3358630,G,C
C2_R25_2,3355755,G,T
D2_V25_2,3355755,G,T
D2_V2_2,3371448,A,T
C2_R18_2,3393139,T,G
D2_V15_2,3393139,T,G
C2_R7_2,3414209,G,C
D2_V13_2,3414209,G,C
C2_R19_2,3440601,T,C
C1_P25_1,3454375,A,T
C1_P15_1,3476125,A,C
C1_P11_1,3480321,T,G
D1_?9_1,3522041,G,C
D1_?1_1,3522041,G,C
D2_V21_2,3522041,G,C
C2_R22_2,3533037,C,T
C1_P7_1,3535940,T,A
D2_V12_2,3610402,G,A
C2_R2_2,3619443,A,C
D2_V2_2,3619443,A,C
D1_?1_1,3625387,G,A
D2_V13_2,3646346,T,G
D1_?17_1,3737098,C,G
C2_R23_2,3762434,A,C
D2_V3_2,3762434,A,C
D2_V19_2,3762434,A,C
D2_V11_2,3848358,C,A
D2_V10_2,3848358,C,A
C2_R6_2,3859528,C,T
D1_?4_1,3888808,C,T
D2_V9_2,3888808,C,T
D2_V18_2,3906254,C,G
C2_R15_2,3932844,T,A
D1_?3_1,4028997,G,C
C1_P7_1,4051591,A,C
D1_?17_1,4071443,A,G
C2_R11_2,4082697,T,C
D2_V22_2,4082697,T,C
C1_P19_1,4111197,A,G
C1_P20_1,4111197,A,G
C1_P12_1,4149520,G,A
D2_V24_2,4206150,G,A
D2_V9_2,4247893,C,T
D1_?16_1,4322080,G,A
C2_R5_2,4327719,G,T
C2_R5_2,4327722,G,C
C2_R8_2,4336122,G,C
D2_V12_2,4341313,T,C
D1_?12_1,4343604,G,A
C2_R11_2,4348306,C,T
C2_R22_2,4350068,T,C
D1_?20_1,4382008,G,A
C1_P6_1,4447399,T,A
C1_P5_1,4447399,T,A
C1_P7_1,4448618,C,A
D1_?13_1,4467724,G,C
C1_P25_1,4476487,G,C
D2_V20_2,4483857,A,G
C1_P13_1,4523517,A,G
C2_R17_2,4525698,T,C
C2_R1_2,4542175,G,C
C2_R21_2,4542175,G,C
C1_P24_1,4542175,G,C
D1_?16_1,4608684,G,A
D2_V15_2,4615929,G,A
D2_V24_2,4626544,C,T
C1_P23_1,4627888,A,T
D2_L14_2,103648,G,A
D2_L20_2,106315,T,A
D1_H21_1,148880,G,T
D1_H1_1,173198,C,T
C2_B16_2,233915,T,A
C2_B11_2,285827,C,T
D1_H7_1,290958,G,T
D1_H7_1,291006,C,T
D1_H7_1,291009,A,C
D1_H7_1,291140,C,A
D1_H7_1,291140,C,A
C2_B2_2,316414,C,G
C2_B13_2,316414,C,G
C1_O9_1,316414,C,G
C2_B9_2,326006,C,T
C2_B8_2,350529,T,C
C2_B12_2,378704,G,A
D2_L24_2,391778,C,G
C2_B16_2,391778,C,G
C1_O9_1,394635,A,G
D1_H17_1,403090,C,T
C1_O24_1,421038,T,G
D1_H20_1,462157,A,C
C2_B20_2,497657,A,G
D2_L13_2,499188,T,C
C2_B2_2,499188,T,C
C2_B6_2,536377,A,G
C2_B3_2,536377,A,G
C2_B15_2,567965,C,G
D1_H23_1,571595,A,T
C2_B16_2,578245,G,A
C1_O22_1,578245,G,A
C1_O22_1,578253,G,A
C1_O22_1,578254,G,T
C1_O22_1,578273,T,C
C1_O22_1,578274,G,C
C1_O22_1,578289,T,C
C1_O22_1,578295,G,A
C1_O22_1,578298,C,G
C1_O22_1,578304,A,C
C1_O22_1,578315,A,C
C2_B21_2,601068,G,C
C2_B13_2,601068,G,C
C1_O16_1,601068,G,C
C2_B6_2,602031,A,C
C2_B1_2,613789,C,T
D2_L20_2,614106,C,A
D2_L2_2,621723,T,C
D2_L7_2,642754,C,A
C1_O14_1,678616,G,A
D1_H15_1,695407,C,G
C1_O22_1,695795,C,T
D2_L16_2,777076,C,T
D1_H13_1,789469,G,A
C2_B17_2,812521,C,T
C2_B17_2,852130,T,C
C1_O14_1,863141,G,T
D2_L10_2,892445,C,G
D2_L10_2,892448,A,G
D1_H21_1,892448,A,G
C2_B25_2,892448,A,G
C1_O25_1,892448,A,G
C2_B17_2,911770,G,T
D2_L11_2,913378,A,T
C2_B11_2,953908,A,T
D2_L24_2,985052,G,A
D2_L18_2,989880,G,A
C2_B15_2,1043609,T,C
D1_H25_1,1084578,T,G
C1_O16_1,1084578,T,G
D2_L1_2,1145028,T,A
C2_B12_2,1156354,C,T
C1_O6_1,1207789,C,G
D1_H18_1,1228508,C,T
C2_B18_2,1249474,C,T
D2_L9_2,1250565,C,T
C1_O9_1,1252612,G,T
D1_H19_1,1282269,T,C
D2_L3_2,1301340,T,A
D1_H17_1,1308143,C,G
C2_B22_2,1333025,C,T
D1_H9_1,1371677,C,T
D2_L16_2,1380083,G,T
C1_O1_1,1380226,C,T
D1_H25_1,1396396,G,A
D2_L24_2,1407580,C,G
D1_H24_1,1438563,C,T
C1_O5_1,1486348,A,G
C1_O14_1,1521036,A,G
D1_H10_1,1606066,A,C
D1_H10_1,1606651,G,T
D2_L18_2,1616410,C,A
D2_L11_2,1632074,T,A
D2_L8_2,1653278,A,G
D2_L18_2,1657428,C,A
C2_B16_2,1668318,G,A
D1_H2_1,1676776,A,C
D2_L10_2,1691041,G,A
D1_H18_1,1703550,T,A
C2_B18_2,1718210,G,A
D2_L16_2,1750195,G,A
D1_H16_1,1769485,A,C
C1_O20_1,1789824,T,C
D1_H24_1,1825432,T,A
C1_O20_1,1833995,G,A
D2_L4_2,1842022,C,T
C2_B16_2,1854592,T,G
C2_B4_2,1869324,T,C
D1_H13_1,1876337,T,G
D2_L4_2,1912323,A,C
D1_H16_1,1926466,C,G
D2_L10_2,1955145,T,A
C1_O2_1,1998771,C,T
C1_O1_1,1998771,C,T
C1_O14_1,2009991,T,G
C1_O4_1,2063034,G,A
C1_O13_1,2075797,A,C
C1_O9_1,2106632,A,T
D2_L3_2,2107464,A,T
D1_H16_1,2128627,A,C
C2_B6_2,2171359,C,G
D2_L2_2,2172421,T,G
D2_L2_2,2172422,A,G
D1_H16_1,2172421,T,G
D1_H16_1,2172422,A,G
D1_H2_1,2182879,T,G
C1_O14_1,2189737,T,G
C2_B25_2,2193362,T,G
C1_O13_1,2197152,C,T
D1_H6_1,2217073,A,T
D1_H20_1,2256480,T,A
D1_H25_1,2299420,C,T
D2_L20_2,2310098,A,G
C1_O5_1,2427362,C,T
D1_H20_1,2455551,A,T
D2_L4_2,2458215,T,C
D2_L18_2,2469787,G,A
C2_B22_2,2499307,G,A
D2_L13_2,2501033,C,A
C1_O20_1,2502229,A,C
C1_O15_1,2661485,A,C
C1_O22_1,2784787,A,G
C2_B9_2,2794692,A,G
C2_B4_2,2885189,T,C
C2_B20_2,2902490,G,A
D1_H8_1,2905639,T,G
D1_H8_1,2905641,A,C
C1_O5_1,2913425,T,C
C1_O9_1,2934888,C,T
D1_H17_1,2941694,G,C
C1_O15_1,2941694,G,C
C2_B13_2,2973455,T,G
D2_L11_2,2986651,G,A
C2_B17_2,3135027,G,A
D1_H11_1,3158730,C,T
C2_B11_2,3172537,A,G
D2_L16_2,3174391,C,T
C1_O6_1,3183172,T,G
D2_L21_2,3242693,C,T
D1_H10_1,3246305,C,T
D1_H23_1,3269388,T,C
D1_H6_1,3268777,T,C
C2_B15_2,3269440,A,G
D2_L2_2,3290201,C,A
D2_L13_2,3339564,T,G
C1_O16_1,3355755,G,T
C1_O2_1,3359140,T,G
C1_O3_1,3362990,C,T
C1_O3_1,3362993,A,T
C2_B5_2,3372393,T,C
D1_H12_1,3386882,T,A
C1_O4_1,3409935,C,G
C1_O16_1,3414209,G,C
C1_O15_1,3414209,G,C
D1_H7_1,3422295,A,G
D2_L21_2,3458277,T,A
D1_H10_1,3464046,C,T
D1_H20_1,3486558,A,G
D2_L22_2,3515158,C,T
D1_H17_1,3522041,G,C
C1_O18_1,3603801,A,G
D1_H17_1,3619443,A,C
C1_O24_1,3630570,G,T
D1_H14_1,3642983,A,C
D1_H3_1,3744928,T,C
D2_L11_2,3780762,G,A
C2_B18_2,3787442,C,G
C1_O9_1,3839102,G,C
D2_L12_2,3892074,T,C
C2_B19_2,3902658,G,T
D2_L3_2,3924986,G,A
C1_O17_1,3931998,T,G
D1_H22_1,3985537,G,A
D1_H2_1,4002710,C,A
D2_L15_2,4025125,T,A
C2_B3_2,4029082,C,T
D1_H11_1,4041327,T,G
C2_B13_2,4049614,A,G
C1_O16_1,4071443,A,G
D2_L24_2,4103985,T,G
C2_B4_2,4131874,G,C
C1_O19_1,4146288,T,A
C1_O19_1,4146288,T,A
C2_B2_2,4193303,A,G
C1_O20_1,4278815,G,A
D2_L20_2,4304621,C,A
C2_B21_2,4336122,G,C
C1_O16_1,4336122,G,C
D2_L24_2,4395498,C,G
D1_H22_1,4395508,A,G
D1_H17_1,4395508,A,G
D1_H5_1,4395898,G,A
D2_L25_2,4400103,C,T
D2_L22_2,4403501,C,T
C1_O8_1,4403383,C,T
D2_L16_2,4431769,T,C
D2_L2_2,4441924,G,T
D2_L5_2,4441662,C,T
D2_L7_2,4441662,C,T
D2_L23_2,4450696,T,G
D1_H2_1,4492336,A,C
C2_B8_2,4492589,T,A
D2_L8_2,4494211,G,C
C1_O12_1,4531167,T,G
C2_B2_2,4542175,G,C
C1_O1_1,4542175,G,C
D2_L15_2,4549447,C,T
D2_L25_2,4555623,T,G
D2_L10_2,4599197,G,A
C1_O10_1,4626385,C,A
WT-1_E7_1,6213,T,G
WT-1_E6_1,6213,T,G
WT-1_E12_1,113609,A,G
WT-1_E11_1,125045,C,T
WT-1_E24_1,212255,T,A
WT-1_E2_1,316414,C,G
WT-1_E1_1,321807,A,G
WT-1_E2_1,391778,C,G
WT-1_E2_1,520598,C,T
WT-1_E15_1,563209,G,A
WT-1_E18_1,800437,G,A
WT-1_E24_1,962473,A,T
WT-1_E22_1,1032308,T,A
WT-1_E21_1,1225422,T,C
WT-1_E5_1,1551825,T,A
WT-1_E18_1,1753041,G,A
WT-1_E7_1,1930188,A,C
WT-1_E6_1,1930188,A,C
WT-1_E12_1,1973224,T,A
WT-1_E20_1,2017564,T,G
WT-1_E3_1,2039999,G,T
WT-1_E6_1,2207278,G,A
WT-1_E21_1,2595127,G,A
WT-1_E4_1,2693489,C,T
WT-1_E10_1,2861768,C,A
WT-1_E3_1,3091656,G,A
WT-1_E15_1,3191032,C,A
WT-1_E12_1,3300195,G,A
WT-1_E22_1,3301738,C,T
WT-1_E5_1,3381342,A,T
WT-1_E5_1,3413066,G,A
WT-1_E5_1,3418505,G,A
WT-1_E25_1,3886314,A,C
WT-1_E10_1,3910672,T,A
WT-1_E16_1,3973270,A,G
WT-1_E5_1,4237365,G,A
WT-2_C14_2,911,C,G
WT-2_C15_2,103641,C,A
WT-2_C3_2,113596,C,T
WT-2_C23_2,319769,T,G
WT-2_C25_2,338100,T,G
WT-2_C22_2,343784,C,T
WT-2_C19_2,440145,G,A
WT-2_C23_2,525327,C,T
WT-2_C23_2,567965,C,G
WT-2_C13_2,592734,G,A
WT-2_C2_2,1036868,G,A
WT-2_C4_2,1050434,G,A
WT-2_C25_2,1185441,T,C
WT-2_C14_2,1342667,T,G
WT-2_C25_2,1346868,A,G
WT-2_C7_2,1384179,C,T
WT-2_C14_2,1398409,A,T
WT-2_C13_2,1439262,G,A
WT-2_C25_2,1505914,T,C
WT-2_C15_2,1516101,A,G
WT-2_C14_2,1668388,G,A
WT-2_C14_2,1684389,T,A
WT-2_C8_2,1699776,T,A
WT-2_C25_2,1870453,T,A
WT-2_C24_2,1955542,A,C
WT-2_C25_2,2006819,T,G
WT-2_C25_2,2141828,G,T
WT-2_C21_2,2171359,C,G
WT-2_C6_2,2379547,A,C
WT-2_C7_2,2550167,A,G
WT-2_C25_2,2740971,T,G
WT-2_C16_2,2928282,G,C
WT-2_C14_2,2934618,A,C
WT-2_C8_2,3050245,C,T
WT-2_C24_2,3245937,G,C
WT-2_C13_2,3252933,T,C
WT-2_C4_2,3362509,C,T
WT-2_C19_2,3380838,G,A
WT-2_C18_2,4345219,C,T
WT-2_C12_2,4349722,A,C
WT-2_C15_2,4502518,A,C
