LineName,Position,RefBase,ConsensusBase,ObservedBase
M40-62,5829,C,C,T
M40-68,29254,C,C,A
M40-52,39609,C,C,G
M40-21,82276,G,G,T
M40-43,86918,C,C,T
M40-12,132339,C,C,T
M40-42,155799,G,G,A
M40-38,203472,C,C,T
M40-47,267370,C,C,T
M40-06,267725,G,G,A
M40-25,295385,C,C,T
M40-26,371655,C,C,T
M40-72,393784,T,T,C
M40-28,467140,C,C,T
M40-48,474465,T,T,G
M40-29,477234,G,G,A
M40-16,482248,G,G,T
M40-50,483878,G,G,T
M40-62,502067,T,T,C
M40-06,502498,T,T,G
M40-42,503890,C,C,T
M40-47,516965,T,T,C
M40-45,526355,G,G,A
M40-29,536802,T,T,C
M40-21,617810,C,C,A
M40-45,624082,G,G,T
M40-32,630279,G,G,A
M40-35,632326,G,G,A
M40-34,645279,C,C,T
M40-28,651342,A,A,T
M40-48,672362,G,G,T
M40-39,728143,A,A,G
M40-10,742274,T,T,G
M40-62,744254,G,G,A
M40-10,759375,C,C,G
M40-13,766517,C,C,G
M40-28,768345,G,G,T
M40-41,773258,T,T,G
M40-54,782342,A,A,G
M40-55,797012,T,T,G
M40-23,802287,C,C,T
M40-39,870149,T,T,G
M40-51,893506,A,A,C
M40-68,894411,A,A,C
M40-32,916536,C,C,A
M40-50,932868,C,C,T
M40-06,956141,G,G,C
M40-72,959438,A,A,T
M40-68,1002510,C,C,T
M40-32,1030943,C,C,A
M40-26,1057284,A,A,C
M40-30,1098617,C,C,G
M40-64,1099356,C,C,T
M40-55,1113746,G,G,C
M40-62,1123173,G,G,T
M40-07,1168128,T,T,A
M40-21,1171056,T,T,C
M40-12,1184455,A,A,T
M40-35,1197598,C,C,T
M40-72,1202177,A,A,G
M40-28,1227727,C,C,T
M40-52,1247498,T,T,G
M40-28,1255562,A,A,G
M40-72,1271125,A,A,G
M40-32,1285606,G,G,A
M40-62,1311692,T,T,C
M40-38,1312573,A,A,T
M40-43,1315072,C,C,G
M40-63,1319486,T,T,G
M40-25,1322407,A,A,T
M40-06,1325507,T,T,A
M40-56,1362161,C,C,T
M40-48,1368894,C,C,T
M40-61,1384557,A,A,C
M40-12,1405238,C,C,T
M40-59,1418343,C,C,T
M40-72,1436616,C,C,T
M40-40,1450629,C,C,T
M40-68,1451761,A,A,T
M40-26,1454323,A,A,T
M40-54,1457298,T,T,G
M40-72,1463297,A,A,G
M40-50,1493167,T,T,C
M40-47,1497356,T,T,C
M40-64,1503844,T,T,C
M40-10,1504133,C,C,T
M40-28,1511599,G,G,A
M40-33,1528604,C,C,T
M40-62,1529775,A,A,G
M40-28,1541458,C,C,A
M40-32,1543280,A,A,G
M40-28,1545227,T,T,C
M40-59,1580607,G,G,A
M40-14,1581435,T,T,C
M40-56,1582291,A,A,G
M40-28,1583369,T,T,C
M40-16,1593207,A,A,C
M40-63,1598459,A,A,C
M40-56,1617373,G,G,T
M40-14,1635326,A,A,T
M40-28,1668881,A,A,G
M40-14,1672491,G,G,A
M40-50,1694295,A,A,G
M40-26,1697296,A,A,G
M40-24,1700184,G,G,A
M40-35,1702041,T,T,C
M40-13,1710204,A,A,C
M40-21,1711175,T,T,G
M40-07,1722769,G,G,A
M40-47,1744435,G,G,T
M40-06,1787432,A,A,C
M40-54,1799328,G,G,A
M40-68,1805045,G,G,C
M40-23,1809141,G,G,A
M40-47,1851696,C,C,T
M40-64,1852990,A,A,G
M40-39,1859457,G,G,T
M40-22,1868476,A,A,T
M40-55,1932186,G,G,A
M40-51,1950521,G,G,A
M40-72,1953169,A,A,T
M40-52,1962315,G,G,A
M40-06,1967085,G,G,A
M40-32,1971890,C,C,A
M40-23,1982845,G,G,A
M40-36,1989834,T,T,C
M40-62,2020535,G,G,A
M40-12,2025506,C,C,T
M40-28,2047174,A,A,C
M40-21,2065877,G,G,A
M40-41,2074093,A,A,T
M40-28,2079042,T,T,C
M40-36,2082996,C,C,A
M40-52,2089405,T,T,A
M40-61,2105168,A,A,G
M40-32,2130489,G,G,A
M40-15,2130708,G,G,A
M40-06,2146866,A,A,C
M40-15,2162466,A,A,T
M40-39,2164225,G,G,A
M40-45,2166405,A,A,G
M40-52,2175612,C,C,A
M40-35,2208995,G,G,T
M40-55,2235041,G,G,A
M40-23,2288607,A,A,C
M40-48,2295238,C,C,G
M40-16,2330105,C,C,T
M40-25,2351989,G,G,T
M40-61,2368937,C,C,T
M40-07,2373093,G,G,A
M40-35,2381587,T,T,A
M40-35,2382501,T,T,C
M40-72,2438199,T,T,G
M40-38,2446222,T,T,G
M40-06,2464718,C,C,G
M40-48,2485762,G,G,A
M40-43,2545682,C,C,T
M40-52,2554265,T,T,G
M40-36,2558999,T,T,A
M40-50,2562504,T,T,C
M40-26,2565067,G,G,A
M40-50,2596112,A,A,C
M40-45,2605555,T,T,C
M40-64,2605702,C,C,T
M40-62,2627693,T,T,C
M40-52,2656732,G,G,A
M40-15,2667484,G,G,A
M40-43,2713041,A,A,G
M40-32,2713377,T,T,G
M40-16,2742973,T,T,G
M40-15,2756263,A,A,T
M40-26,2758314,C,C,T
M40-72,2766000,A,A,T
M40-51,2769879,A,A,C
M40-07,2771450,T,T,C
M40-17,2772562,G,G,A
M40-72,2782642,T,T,C
M40-52,2783597,T,T,C
M40-72,2785366,G,G,T
M40-23,2839057,G,G,T
M40-41,2856100,G,G,A
M40-56,2856307,G,G,A
M40-13,2875981,T,T,A
M40-21,2910943,C,C,T
M40-26,2915503,A,A,G
M40-65,2918304,A,A,T
M40-42,2924284,T,T,C
M40-28,2955037,A,A,C
M40-15,2967307,A,A,G
M40-61,2988763,T,T,C
M40-45,3006483,G,G,T
M40-08,3012494,G,G,T
M40-59,3023850,G,G,A
M40-36,3040280,C,C,A
M40-10,3044785,G,G,A
M40-25,3070822,C,C,A
M40-14,3071475,T,T,C
M40-51,3072449,T,T,C
M40-42,3084004,A,A,C
M40-55,3145530,T,T,C
M40-25,3152436,T,T,G
M40-52,3170037,G,G,A
M40-68,3182596,A,A,C
M40-42,3241074,T,T,C
M40-07,3273280,C,C,T
M40-56,3279077,G,G,C
M40-50,3302297,G,G,A
M40-22,3316615,G,G,A
M40-48,3332911,A,A,C
M40-13,3374597,C,C,A
M40-51,3381353,T,T,A
M40-35,3431907,A,A,C
M40-24,3458243,G,G,C
M40-36,3467457,C,C,T
M40-59,3518672,C,C,T
M40-33,3540392,A,A,G
M40-65,3556902,A,A,C
M40-36,3591768,C,C,T
M40-29,3594806,C,C,A
M40-55,3630881,T,T,A
M40-38,3640514,G,G,A
M40-72,3683151,A,A,G
M40-28,3724340,T,T,A
M40-10,3754322,C,C,A
M40-55,3793207,G,G,A
M40-36,3797447,T,T,C
M40-56,3850701,C,C,T
M40-55,3851262,A,A,G
M40-59,3886698,G,G,A
M40-28,3900262,A,A,T
M40-52,3921373,C,C,A
M40-52,3932400,C,C,T
M40-33,3934398,T,T,G
M40-39,3939708,A,A,G
M40-41,3950960,C,C,T
M40-47,3957085,G,G,T
M40-65,4000707,G,G,A
M40-68,4041766,T,T,G
M40-13,4071176,G,G,C
M40-52,4075967,G,G,T
M40-36,4078741,T,T,C
M40-59,4112632,A,A,T
M40-06,4186054,A,A,C
M40-10,4191165,C,C,T
M40-13,4252534,C,C,T
M40-33,4254796,C,C,T
M40-22,4287910,C,C,A
M40-72,4292271,T,T,C
M40-72,4295327,A,A,T
M40-68,4316913,C,C,T
M40-68,4333966,C,C,G
M40-43,4383051,C,C,T
M40-17,4386234,C,C,T
M40-36,4400944,C,C,T
M40-42,4425481,G,G,T
M40-64,4439432,C,C,T
M40-68,4469709,T,T,G
M40-55,4471138,A,A,G
M40-33,4493890,C,C,G
M40-36,4499510,G,G,T
M40-16,4581284,G,G,C
M40-43,4583906,A,A,G
M40-43,4585733,A,A,G
M40-55,4592384,T,T,C
M40-41,4600317,A,A,C
